{
  "allFiles": [
    {
      "file": "/storage/emulated/0/AndroidIDEProjects/Battery Manager/app/src/main/res/layout/activity_main.xml",
      "selection": {
        "end": {
          "column": 0,
          "index": 0,
          "line": 0
        },
        "start": {
          "column": 0,
          "index": 0,
          "line": 0
        }
      }
    },
    {
      "file": "/storage/emulated/0/AndroidIDEProjects/Battery Manager/app/src/main/java/org/lineageos/batterymanager/MainActivity.java",
      "selection": {
        "end": {
          "column": 22,
          "index": 242,
          "line": 7
        },
        "start": {
          "column": 22,
          "index": 242,
          "line": 7
        }
      }
    },
    {
      "file": "/storage/emulated/0/AndroidIDEProjects/Battery Manager/app/src/main/java/org/lineageos/batterymanager/BatterySaver.java",
      "selection": {
        "end": {
          "column": 0,
          "index": 0,
          "line": 0
        },
        "start": {
          "column": 0,
          "index": 0,
          "line": 0
        }
      }
    }
  ],
  "selectedFile": "/storage/emulated/0/AndroidIDEProjects/Battery Manager/app/src/main/java/org/lineageos/batterymanager/MainActivity.java"
}